{"fuel": {"Kul og Olie": {"DK1": 14.02513572286205, "DK2": 18.27205906997462}, "Biomasse": {"DK1": 9.525454501075469, "DK2": 15.9644934292163}, "Naturgas": {"DK1": 6.557975727253269, "DK2": 4.44926190118479}, "Atomkraft": {"DK1": 3.8111612685689797, "DK2": 11.0551833281861}, "Sol": {"DK1": 0.7823000901972931, "DK2": 0.829744206823285}, "Vind": {"DK1": 40.4033651522112, "DK2": 30.164157928989503}, "Vandkraft": {"DK1": 21.703277639628556, "DK2": 15.016297472819224}, "Affald": {"DK1": 3.19132989820324, "DK2": 4.24880266280611}}, "emission": {"CO2": {"DK1": 158.806490211128, "DK2": 194.443984869063}, "SO2": {"DK1": 0.0323509630896545, "DK2": 0.048740967515554304}, "NOx": {"DK1": 0.175407112948907, "DK2": 0.237742262230494}, "NMvoc": {"DK1": 0.0164215956738373, "DK2": 0.0140239024156466}, "CH4": {"DK1": 0.10401219909831999, "DK2": 0.0598766648249484}, "CO": {"DK1": 0.108191316674106, "DK2": 0.146628100837877}, "N2O": {"DK1": 0.00243694084851264, "DK2": 0.0033076689125672897}, "Particles": {"DK1": 0.00980970425041318, "DK2": 0.016454892100099597}, "CoalFlyAsh": {"DK1": 5.31071486822346, "DK2": 6.568234863596}, "CoalSlag": {"DK1": 0.914052325551471, "DK2": 1.13049005657622}, "Desulp": {"DK1": 1.9308469667657, "DK2": 2.38805070090714}, "WasteSlag": {"DK1": 5.44753579857645, "DK2": 8.65968836829167}, "FuelGasWaste": {"DK1": 0.825163777199605, "DK2": 1.31172358063591}, "Bioash": {"DK1": 0.766616698979502, "DK2": 1.50936270457998}, "RadioactiveWaste": {"DK1": 0.0872562521005665, "DK2": 0.252911601121495}, "CO2Eqv": {"DK1": 162.3646211107368, "DK2": 196.99706374599188}}}