{"fuel": {"Kul og Olie": {"DK1": 18.381161991244348, "DK2": 19.681181955835257}, "Biomasse": {"DK1": 8.714659594931048, "DK2": 16.27326105958508}, "Naturgas": {"DK1": 6.226700534188169, "DK2": 5.6041976151871395}, "Atomkraft": {"DK1": 4.5282948174537, "DK2": 10.2309717343439}, "Sol": {"DK1": 1.39213326149438, "DK2": 1.25215006053636}, "Vind": {"DK1": 38.0347481877615, "DK2": 29.9542603574963}, "Vandkraft": {"DK1": 20.149170648573154, "DK2": 12.747625125286902}, "Affald": {"DK1": 2.57313096435372, "DK2": 4.25635209172909}}, "emission": {"CO2": {"DK1": 177.058110600323, "DK2": 214.114057030509}, "SO2": {"DK1": 0.0281321229551022, "DK2": 0.044224199815474104}, "NOx": {"DK1": 0.1654428367038, "DK2": 0.235158945623616}, "NMvoc": {"DK1": 0.0161277446621177, "DK2": 0.0155548642119085}, "CH4": {"DK1": 0.09615423935074839, "DK2": 0.06967998914863659}, "CO": {"DK1": 0.103834376422955, "DK2": 0.149198313660799}, "N2O": {"DK1": 0.00249492435357962, "DK2": 0.0034766529226676}, "Particles": {"DK1": 0.0105003263956868, "DK2": 0.0167209594896944}, "CoalFlyAsh": {"DK1": 6.48115065658202, "DK2": 7.52228872253801}, "CoalSlag": {"DK1": 1.11550158065254, "DK2": 1.29469679147085}, "Desulp": {"DK1": 2.35638899789006, "DK2": 2.73492151686671}, "WasteSlag": {"DK1": 4.42629066161673, "DK2": 8.44878471386111}, "FuelGasWaste": {"DK1": 0.670470990255346, "DK2": 1.27977701570272}, "Bioash": {"DK1": 0.732620947702451, "DK2": 1.48128228217019}, "RadioactiveWaste": {"DK1": 0.103491065716287, "DK2": 0.23624601085811}, "CO2Eqv": {"DK1": 180.41158425584257, "DK2": 216.98640975117772}}}