{"fuel": {"Kul og Olie": {"DK1": 12.753185777577329, "DK2": 10.932174157963786}, "Biomasse": {"DK1": 8.969217376556987, "DK2": 17.0965808187329}, "Naturgas": {"DK1": 7.370122847221169, "DK2": 5.46806386027919}, "Atomkraft": {"DK1": 4.79588591688633, "DK2": 11.479182914924}, "Sol": {"DK1": 3.44820059537108, "DK2": 4.298717928926}, "Vind": {"DK1": 44.7296010383169, "DK2": 33.3211873437652}, "Vandkraft": {"DK1": 15.207862456966042, "DK2": 12.22843102375716}, "Affald": {"DK1": 2.72592399110421, "DK2": 5.1756619516516995}}, "emission": {"CO2": {"DK1": 150.317139696008, "DK2": 137.036671730022}, "SO2": {"DK1": 0.0269777701100476, "DK2": 0.0382101450169437}, "NOx": {"DK1": 0.16657729360998, "DK2": 0.22368319626344502}, "NMvoc": {"DK1": 0.0177309692122646, "DK2": 0.0155216174151406}, "CH4": {"DK1": 0.105005293889185, "DK2": 0.068693462811397}, "CO": {"DK1": 0.104566358650274, "DK2": 0.151149389988461}, "N2O": {"DK1": 0.00233011809807528, "DK2": 0.00291358329333179}, "Particles": {"DK1": 0.00937204153738125, "DK2": 0.0152897320014432}, "CoalFlyAsh": {"DK1": 4.62091360881161, "DK2": 3.6694694901847}, "CoalSlag": {"DK1": 0.795327358954909, "DK2": 0.631569798844329}, "Desulp": {"DK1": 1.68005197918769, "DK2": 1.33413000143473}, "WasteSlag": {"DK1": 4.65991423227553, "DK2": 8.28398239288338}, "FuelGasWaste": {"DK1": 0.705859047376154, "DK2": 1.25481363580079}, "Bioash": {"DK1": 0.745537482384532, "DK2": 1.61867810915609}, "RadioactiveWaste": {"DK1": 0.110287712439735, "DK2": 0.268207652147925}, "CO2Eqv": {"DK1": 153.87476922089516, "DK2": 139.73218826147402}}}