{"fuel": {"Kul og Olie": {"DK1": 11.056461424750925, "DK2": 6.916141531482131}, "Biomasse": {"DK1": 6.453618377173479, "DK2": 16.501602971827168}, "Naturgas": {"DK1": 6.4641978370108095, "DK2": 4.0721044434254905}, "Atomkraft": {"DK1": 2.9785314896716297, "DK2": 9.063080119531849}, "Sol": {"DK1": 2.29786026614701, "DK2": 3.29258533092987}, "Vind": {"DK1": 40.470961021517795, "DK2": 35.8991585131166}, "Vandkraft": {"DK1": 27.85950458071857, "DK2": 18.683377352306184}, "Affald": {"DK1": 2.41886500300977, "DK2": 5.57194973738061}}, "emission": {"CO2": {"DK1": 128.534444390692, "DK2": 97.1466061546542}, "SO2": {"DK1": 0.0299149368879624, "DK2": 0.037360161350955205}, "NOx": {"DK1": 0.140655601105729, "DK2": 0.207905210052352}, "NMvoc": {"DK1": 0.0138418641547049, "DK2": 0.01433011464799}, "CH4": {"DK1": 0.0860641683189362, "DK2": 0.0669577698052162}, "CO": {"DK1": 0.07922523663359689, "DK2": 0.138642613906804}, "N2O": {"DK1": 0.00188250747139838, "DK2": 0.00248473858594138}, "Particles": {"DK1": 0.00680098041020428, "DK2": 0.0133938424097145}, "CoalFlyAsh": {"DK1": 3.64830961617471, "DK2": 1.90471457762599}, "CoalSlag": {"DK1": 0.627927872563764, "DK2": 0.32782946032522}, "Desulp": {"DK1": 1.32643678506687, "DK2": 0.692507968516456}, "WasteSlag": {"DK1": 4.10636461181974, "DK2": 9.47397807322329}, "FuelGasWaste": {"DK1": 0.622010292164288, "DK2": 1.43506785839755}, "Bioash": {"DK1": 0.481729744080268, "DK2": 1.7477522060443}, "RadioactiveWaste": {"DK1": 0.0684166025954754, "DK2": 0.209114211726523}, "CO2Eqv": {"DK1": 131.44310558354277, "DK2": 99.67987943447471}}}