{
  "fuel": {
    "Kul og Olie": {"DK1": 14.88335425, "DK2": 6.151327824},
    "Biomasse": {"DK1": 8.664545137, "DK2": 23.01475788},
    "Naturgas": {"DK1": 5.154974994, "DK2": 4.258784143},
    "Atomkraft": {"DK1": 3.100349497, "DK2": 9.35888019},
    "Sol": {"DK1": 3.216825882, "DK2": 3.84157115},
    "Vind": {"DK1": 37.45841027, "DK2": 33.56406966},
    "Vandkraft": {"DK1": 24.97269, "DK2": 15.5035593},
    "Affald": {"DK1": 2.548849983, "DK2": 4.307049856}
  },
  "emission": {
    "CO2": {"DK1": 147.9615263, "DK2": 85.51515959},
    "SO2": {"DK1":  0.03540 , "DK2":  0.03395 },
    "NOx": {"DK1":   0.13215  , "DK2":   0.18613 },
    "NMvoc": {"DK1":   0.01435  , "DK2":   0.01461  },
    "CH4": {"DK1":   0.08246  , "DK2":   0.04067  },
    "CO": {"DK1":   0.10397  , "DK2":   0.17969  },
    "N2O": {"DK1":   0.00222  , "DK2":   0.00263  },
    "Particles": {"DK1":   0.01105  , "DK2":   0.01979  },
    "CoalFlyAsh": {"DK1":   6.56823  , "DK2":   3.10770  },
    "CoalSlag": {"DK1":   1.13049  , "DK2":   0.30833  },
    "Desulp": {"DK1":   2.38805  , "DK2":   0.65132  },
    "WasteSlag": {"DK1":   8.65969  , "DK2":   9.80034  },
    "FuelGasWaste": {"DK1":   1.31172  , "DK2":   5.55308  },
    "Bioash": {"DK1":   1.50936  , "DK2":   6.46995  },
    "RadioactiveWaste": {"DK1":   0.25291  , "DK2":   0.21588  },
    "CO2Eqv": {"DK1":   150.85953  , "DK2":   87.35111  }
  }
}