{
    "fuel": {
        "Kul og Olie": { "DK1": 14.0800969273722, "DK2": 4.97561244972708 },
        "Biomasse": { "DK1": 9.09991648627306, "DK2": 24.2129312593999 },
        "Naturgas": { "DK1": 5.31472721726763, "DK2": 3.46126573285818 },
        "Atomkraft": { "DK1": 3.13868892924003, "DK2": 9.41844750832517 },
        "Sol": { "DK1": 2.9760484133319, "DK2": 3.3553422464525 },
        "Vind": { "DK1": 39.2571576755572, "DK2": 35.5467124286059 },
        "Vandkraft": { "DK1": 23.6225622176269, "DK2": 14.8370200741379 },
        "Affald": { "DK1": 2.51080213333097, "DK2": 4.19266830049334 }
    },
    "emission": {
        "CO2": { "DK1": 144.914234583484, "DK2": 73.2571347009141 },
        "SO2": { "DK1": 0.0307664167751727, "DK2": 0.0328404662118162 },
        "NOx": { "DK1": 0.120261604921125, "DK2": 0.184910654144513 },
        "NMvoc": { "DK1": 0.0157372128504167, "DK2": 0.0150766911292198 },
        "CH4": { "DK1": 0.0841498946567722, "DK2": 0.0406939441858764 },
        "CO": { "DK1": 0.102237386451035, "DK2": 0.180634285486003 },
        "N2O": { "DK1": 0.00217709868167873, "DK2": 0.00253418344280604 },
        "Particles": { "DK1": 0.0111152991141253, "DK2": 0.0197731619737145 },
        "CoalFlyAsh": { "DK1": 5.13310691501202, "DK2": 1.43464017966458 },
        "CoalSlag": { "DK1": 0.883483378300935, "DK2": 0.24692272605301 },
        "Desulp": { "DK1": 1.86685903017341, "DK2": 0.522327909235709 },
        "WasteSlag": { "DK1": 3.03425328338264, "DK2": 6.23276615188976 },
        "FuelGasWaste": { "DK1": 0.459612564813362, "DK2": 0.94410629878544 },
        "Bioash": { "DK1": 0.765635777875586, "DK2": 2.25483221236671 },
        "RadioactiveWaste": { "DK1": 0.0732670780283796, "DK2": 0.220719687084545 },
        "CO2Eqv": { "DK1": 150.85953, "DK2": 87.35111 }
    }
}
