{"fuel":{"Kul og Olie":{"DK1":13.2868840439722,"DK2":3.65872178010483},"Biomasse":{"DK1":8.54695304569429,"DK2":19.3131901107922},"Naturgas":{"DK1":4.53448317181857,"DK2":2.05361195681562},"Atomkraft":{"DK1":3.63669199284575,"DK2":10.9741353235802},"Sol":{"DK1":4.79469256754042,"DK2":4.18696539223506},"Vind":{"DK1":45.3176554742556,"DK2":39.4335688219148},"Vandkraft":{"DK1":17.2569400945498,"DK2":16.0184191148738},"Affald":{"DK1":2.62569960932333,"DK2":4.36138749968348}},"emission":{"CO2":{"DK1":136.385946745676,"DK2":55.6274081313233},"SO2":{"DK1":0.0343904875315378,"DK2":0.032553627190201},"NOx":{"DK1":0.123382091141338,"DK2":0.159002904399292},"NMvoc":{"DK1":0.0145429429208378,"DK2":0.0123966052386432},"CH4":{"DK1":0.0777181946333825,"DK2":0.0318580947577971},"CO":{"DK1":0.0989790628907915,"DK2":0.144995929297962},"N2O":{"DK1":0.00207473099746737,"DK2":0.00204462050348411},"Particles":{"DK1":0.0107511346349551,"DK2":0.0161623684825597},"CoalFlyAsh":{"DK1":4.63639866164307,"DK2":0.747167436647711},"CoalSlag":{"DK1":0.797992564845838,"DK2":0.128598531457711},"Desulp":{"DK1":1.68622674944319,"DK2":0.272184866532444},"WasteSlag":{"DK1":3.18904699819865,"DK2":6.50165450401628},"FuelGasWaste":{"DK1":0.483059894234805,"DK2":0.984836077622993},"Bioash":{"DK1":0.720238153133396,"DK2":1.81187585635377},"RadioactiveWaste":{"DK1":0.0854041418540822,"DK2":0.257744987685502},"CO2Eqv":{"DK1":139.11,"DK2":57.06}}}